{
  "hash": "d5ddb52b",
  "configHash": "30c56104",
  "lockfileHash": "02e407da",
  "browserHash": "bb3cb1d5",
  "optimized": {
    "@angular/common": {
      "src": "../../../../../../node_modules/@angular/common/fesm2022/common.mjs",
      "file": "@angular_common.js",
      "fileHash": "a5f38ed6",
      "needsInterop": false
    },
    "@angular/common/http": {
      "src": "../../../../../../node_modules/@angular/common/fesm2022/http.mjs",
      "file": "@angular_common_http.js",
      "fileHash": "c055967e",
      "needsInterop": false
    },
    "@angular/core": {
      "src": "../../../../../../node_modules/@angular/core/fesm2022/core.mjs",
      "file": "@angular_core.js",
      "fileHash": "dc4fc41b",
      "needsInterop": false
    },
    "@angular/forms": {
      "src": "../../../../../../node_modules/@angular/forms/fesm2022/forms.mjs",
      "file": "@angular_forms.js",
      "fileHash": "fe7c3db8",
      "needsInterop": false
    },
    "@angular/platform-browser": {
      "src": "../../../../../../node_modules/@angular/platform-browser/fesm2022/platform-browser.mjs",
      "file": "@angular_platform-browser.js",
      "fileHash": "b0e0f971",
      "needsInterop": false
    },
    "@angular/router": {
      "src": "../../../../../../node_modules/@angular/router/fesm2022/router.mjs",
      "file": "@angular_router.js",
      "fileHash": "92c8415c",
      "needsInterop": false
    },
    "rxjs": {
      "src": "../../../../../../node_modules/rxjs/dist/esm5/index.js",
      "file": "rxjs.js",
      "fileHash": "529ed396",
      "needsInterop": false
    }
  },
  "chunks": {
    "chunk-SRLFHSEL": {
      "file": "chunk-SRLFHSEL.js"
    },
    "chunk-AB2IXZW4": {
      "file": "chunk-AB2IXZW4.js"
    },
    "chunk-TNDQCT4Z": {
      "file": "chunk-TNDQCT4Z.js"
    },
    "chunk-KHI2B5NF": {
      "file": "chunk-KHI2B5NF.js"
    },
    "chunk-5TID76VL": {
      "file": "chunk-5TID76VL.js"
    }
  }
}